-- phpMyAdmin SQL Dump
-- version 4.9.0.1
-- https://www.phpmyadmin.net/
--
-- Gép: 127.0.0.1
-- Létrehozás ideje: 2023. Ápr 20. 11:11
-- Kiszolgáló verziója: 10.4.6-MariaDB
-- PHP verzió: 7.3.8

SET SQL_MODE = "NO_AUTO_VALUE_ON_ZERO";
SET AUTOCOMMIT = 0;
START TRANSACTION;
SET time_zone = "+00:00";


/*!40101 SET @OLD_CHARACTER_SET_CLIENT=@@CHARACTER_SET_CLIENT */;
/*!40101 SET @OLD_CHARACTER_SET_RESULTS=@@CHARACTER_SET_RESULTS */;
/*!40101 SET @OLD_COLLATION_CONNECTION=@@COLLATION_CONNECTION */;
/*!40101 SET NAMES utf8mb4 */;

--
-- Adatbázis: `fitclock`
--

-- --------------------------------------------------------

--
-- Tábla szerkezet ehhez a táblához `admins`
--

CREATE TABLE `admins` (
  `adminId` tinyint(2) NOT NULL,
  `username` varchar(30) COLLATE utf8_hungarian_ci NOT NULL,
  `password` varchar(70) COLLATE utf8_hungarian_ci NOT NULL
) ENGINE=InnoDB DEFAULT CHARSET=utf8 COLLATE=utf8_hungarian_ci;

--
-- A tábla adatainak kiíratása `admins`
--

INSERT INTO `admins` (`adminId`, `username`, `password`) VALUES
(2, 'admin', '20a46272a96e7397e3328b4f4b44ce8ce785853e4750e0b38532cfd979a6d759');

-- --------------------------------------------------------

--
-- Tábla szerkezet ehhez a táblához `equipment`
--

CREATE TABLE `equipment` (
  `equipmentId` tinyint(1) NOT NULL,
  `equipmentName` varchar(30) COLLATE utf8_hungarian_ci NOT NULL
) ENGINE=InnoDB DEFAULT CHARSET=utf8 COLLATE=utf8_hungarian_ci;

--
-- A tábla adatainak kiíratása `equipment`
--

INSERT INTO `equipment` (`equipmentId`, `equipmentName`) VALUES
(1, 'ugrálókötél'),
(2, 'húzódzkodó állvány'),
(3, 'lábgép'),
(4, 'futópad'),
(5, 'lépcsőzőgép'),
(6, 'bicikli');

-- --------------------------------------------------------

--
-- Tábla szerkezet ehhez a táblához `exercise`
--

CREATE TABLE `exercise` (
  `exerciseId` tinyint(1) NOT NULL,
  `exerciseName` varchar(30) COLLATE utf8_hungarian_ci NOT NULL,
  `caloriesPerSec` double DEFAULT NULL,
  `exerciseIntensity` int(11) DEFAULT NULL,
  `equipmentId` tinyint(1) DEFAULT NULL,
  `muscleGroupId` varchar(50) COLLATE utf8_hungarian_ci NOT NULL
) ENGINE=InnoDB DEFAULT CHARSET=utf8 COLLATE=utf8_hungarian_ci;

--
-- A tábla adatainak kiíratása `exercise`
--

INSERT INTO `exercise` (`exerciseId`, `exerciseName`, `caloriesPerSec`, `exerciseIntensity`, `equipmentId`, `muscleGroupId`) VALUES
(1, 'Jumping jack', 0.13, 8, NULL, '9;5'),
(2, 'fekvőtámasz', 0.11, 8, NULL, '2;3;4;8;9'),
(3, 'húzódzkodás', 0.16, 8, 2, '2;4;9'),
(4, 'felülés', 0.15, 8, NULL, '1;8'),
(5, 'guggolás', 0.13, 8, NULL, '5;6;7'),
(6, 'ugrálókötelezés', 0.33, 10, 1, '1;2;3;4;5;6;7;8;9'),
(7, 'leg press', 0.15, 8, 3, '5;6;7'),
(8, 'futás', 0.11, 8, 4, '5;6;7'),
(9, 'lépcsőzés', 0.17, 8, 5, '5;6;7'),
(10, 'biciklizés', 0.13, 3, 6, '5;6');

-- --------------------------------------------------------

--
-- Tábla szerkezet ehhez a táblához `genders`
--

CREATE TABLE `genders` (
  `genderId` tinyint(1) NOT NULL,
  `gender` varchar(30) COLLATE utf8_hungarian_ci DEFAULT NULL
) ENGINE=InnoDB DEFAULT CHARSET=utf8 COLLATE=utf8_hungarian_ci;

--
-- A tábla adatainak kiíratása `genders`
--

INSERT INTO `genders` (`genderId`, `gender`) VALUES
(1, 'férfi'),
(2, 'nő'),
(3, 'egyéb');

-- --------------------------------------------------------

--
-- Tábla szerkezet ehhez a táblához `graph`
--

CREATE TABLE `graph` (
  `numberOfUsers` int(11) NOT NULL,
  `date` date DEFAULT NULL
) ENGINE=InnoDB DEFAULT CHARSET=utf8 COLLATE=utf8_hungarian_ci;

--
-- A tábla adatainak kiíratása `graph`
--

INSERT INTO `graph` (`numberOfUsers`, `date`) VALUES
(10, '2023-04-07'),
(13, '2023-04-14');

-- --------------------------------------------------------

--
-- Tábla szerkezet ehhez a táblához `grouppic`
--

CREATE TABLE `grouppic` (
  `picId` tinyint(2) NOT NULL,
  `picture` blob DEFAULT NULL
) ENGINE=InnoDB DEFAULT CHARSET=utf8 COLLATE=utf8_hungarian_ci;

--
-- A tábla adatainak kiíratása `grouppic`
--

INSERT INTO `grouppic` (`picId`, `picture`) VALUES
(1, 0x6956424f5277304b47676f414141414e535568455567414141444941414141794341594141414165503469784141414141584e535230494172733463365141414141526e51553142414143786a777638595155414141414a6345685a637741414473514141413745415a557244687341414141796445565964454e766257316c626e5141654849365a44704551555a6b5632457a556c684b51546f784d6978714f6a6b794f4455784d7a55314f5378304f6a497a4d444d784e6a41357a44592f6a67414142503170564668305745314d4f6d4e76625335685a4739695a533534625841414141414141476830644841364c793975637935685a4739695a53356a62323076654746774c7a45754d4338415048673665473177625756305953423462577875637a7034505364685a4739695a547075637a70745a5852684c79632b43694167494341674943416750484a6b5a6a70535245596765473173626e4d36636d526d5053646f644852774f693876643364334c6e637a4c6d39795a7938784f546b354c7a41794c7a49794c584a6b5a69317a6557353059586774626e4d6a4a7a344b43694167494341674943416750484a6b5a6a70455a584e6a636d6c7764476c76626942795a47593659574a76645851394a79634b49434167494341674943423462577875637a706b597a306e6148523063446f764c334231636d777562334a6e4c32526a4c3256735a57316c626e527a4c7a45754d53386e50676f6749434167494341674944786b597a7030615852735a54344b494341674943416749434138636d526d4f6b46736444344b494341674943416749434138636d526d4f6d787049486874624470735957356e505364344c57526c5a6d46316248516e506b374471585a305a57786c626942305a584a32494330674d547776636d526d4f6d787050676f67494341674943416749447776636d526d4f6b46736444344b4943416749434167494341384c32526a4f6e52706447786c50676f67494341674943416749447776636d526d4f6b526c63324e79615842306157397550676f4b494341674943416749434138636d526d4f6b526c63324e79615842306157397549484a6b5a6a7068596d39316444306e4a776f674943416749434167494868746247357a4f6b463064484a70596a306e6148523063446f764c32357a4c6d463064484a70596e5630615739754c6d4e76625339685a484d764d5334774c79632b4369416749434167494341675045463064484a70596a70425a484d2b43694167494341674943416750484a6b5a6a70545a58452b43694167494341674943416750484a6b5a6a7073615342795a47593663474679633256556558426c505364535a584e7664584a6a5a53632b4369416749434167494341675045463064484a70596a7044636d56686447566b506a49774d6a4d744d444d744d5459384c30463064484a70596a7044636d56686447566b50676f674943416749434167494478426448527961574936525868305357512b5a6a6330596a59774d7a67744e44646d4d7930305a4467774c5749304f574d744e5752694f5459304d7a59774f44566d504339426448527961574936525868305357512b4369416749434167494341675045463064484a70596a7047596b6c6b506a55794e5449324e546b784e4445334f5455344d44777651585230636d6c694f6b5a695357512b4369416749434167494341675045463064484a70596a70556233566a614652356347552b4d6a777651585230636d6c694f6c527664574e6f56486c775a54344b4943416749434167494341384c334a6b5a6a70736154344b4943416749434167494341384c334a6b5a6a70545a58452b4369416749434167494341675043394264485279615749365157527a50676f67494341674943416749447776636d526d4f6b526c63324e79615842306157397550676f4b494341674943416749434138636d526d4f6b526c63324e79615842306157397549484a6b5a6a7068596d39316444306e4a776f674943416749434167494868746247357a4f6e426b5a6a306e6148523063446f764c32357a4c6d466b62324a6c4c6d4e76625339775a4759764d53347a4c79632b4369416749434167494341675048426b5a6a70426458526f6233492b516d397961324567516d467262334e7a504339775a475936515856306147397950676f67494341674943416749447776636d526d4f6b526c63324e79615842306157397550676f4b494341674943416749434138636d526d4f6b526c63324e79615842306157397549484a6b5a6a7068596d39316444306e4a776f674943416749434167494868746247357a4f6e68746344306e6148523063446f764c32357a4c6d466b62324a6c4c6d4e7662533934595841764d5334774c79632b4369416749434167494341675048687463447044636d56686447397956473976624435445957353259547776654731774f6b4e795a57463062334a556232397350676f67494341674943416749447776636d526d4f6b526c63324e79615842306157397550676f67494341674943416749447776636d526d4f6c4a45526a344b4943416749434167494341384c3367366547317762575630595435305834685041414149796b6c455156526f512b325a655844555a786e48763374667952376b5074694568454f5541486141746c516462497074315371325742537362576655416131343450684871364a6c6d476f374d6f7a544b6d4d72746c71724134784f6574694b646a77714a5947575643436759454d32495674494e72765a5a4e6c4e737076392b547a7676676d35666b6453776e68395a6a6137372f7437662b2f375075397a764d2f37787151512b432f414c4c2f2f342f6d2f495039752f4f384b6375624e5674797a5a53764b46693246795a59506b394f506563745834617350624563696b5a4374744e6e6638427a7150376f6537724a716d4577755741724b635733397264697a3932657978517a6771475755572b373468414b7a53374556565370356c62574b763271682b4f5256314367304759702b446d58624e37347457302b6d6f7a4f73354e4e37634d39526e4b5656696e66756650472b4c376841635a56564b2f41574b6367765567343148704676474d64772b4b55426b6268304364373866466b7a476536714e394b44363164666831635050693972637a5166503446726c713145586b554662446162724a334d385041772b6a7043654872664c37487034336649576e304d43624c38766655343959387a79504e345a4930327355674558396e3642657a612b5231527a6d6148596248373443307667385669455856616941554a7461473137537a6d5651566c72546136676a7a2f306b48637475354f424d704b5a593032334a314345342b663730547a6957594d5a444a34594d643330646a554242746f4b4a4d4a4a724f5a766b7a796a616b5a47687043774f39485238737857614f4e726942314e377966566959456839307561395252736c6e7837533473686350725279516145325857704e50706f416241514638557165344c6f774a704551754863664b4e6f336a58346b5779526833647148587963425073476a5939416d7642596e636755504d4f32505039517167437630393848445972464c4a3962755049447942517578686d6d3132557454446e35654841732b4e395451314e51566754744a53365a7343544e7473633841567278572f364935394d4154336a4e723767664a69745a477761626131574b303654627870425578447553412f68457a515a622b55385a4d6b666a4b494d5a2b69646d70796d564b7962467a4352544d71534e70714342437372674d4642315945454a49544c5836697274616b776d5331772b4170344e57544e6544675547343161756a3553746e41424d686f7272575156324830425953375468642f686f4b426d58706c5543682b3871563657744e4556354f746250343945583738736a5963315a544b625943556e6e786b4b72453633304d684572624d32614f6645725774766c445861364172793553326667385074516a71646c6a586a4d566b6f496d6d5a6e67484d314d64452b693563784338652f36457336614d7243424d362f686f536231325955706963535533665038597964686c3455574a6433566a2f7954757863663374736c596651344b5546426368334e6d4b314d414159724859714d2f7739446e36734d5050464e354c524239456b6e79694e785443462b2f626a503150505348716a474a49454b61737441535a534364326675742b5559355243734935565a79537845374b6933696e6e6a62307a6f5832454f4b6b6764374f4d4e61385a7a584f6863376942392f624b52735935323164506b52366f6e43542f37434e46362b73787877666e55384d43735444396c314b34566a447a3146565554366a3844325761516b536a665869736366333476642f2b67744f6e44714e58684945464c5671717175676543694d326c32477a597a336b45484b75384a6e54735069634b4136474d543171315a6777377150344d4f33724a57746a474e496b4b377543443732715876783668396568706b79556765465778766c5432615a3948476f4e4a454176726d3149707a713556416d53755854795154364f3974476f7837334d54535578684476354e5433376f64323445756250797666304564586b4f3050505977483739384f4a2f6d496b315a4f7a51533447335a616430457058415646497072785a6b6c506367336f50664775795978557a30576b6f6c3143694b6e3645346372306e3478485231616d357667386442656f344f6d494e65742f524361446a664358326773425248436b4143636e6a74396332423175536b78355052666f5477736a557a79456762695564484f794a6c6b6b4d346b536470506a6a55333474314c36325474314b674b557264364456722b66675a2b6e31665736434f364968504c446c4d326244484451686b78727a71544a57304e4477324b352b496351706f78736a685a577068346577646566364f4a6a73704c5a65316b7068526b33615a3730504443537767452f4c4a47472b346970776b544a5a42467346502b78436b365065436e755561383639444573356b6863764a65444d5169686a556a684b48776e496833715a725a4a4548322f615942477a62636851434652434d49496467333646546f444f523867316464453959474363422b777636693569746a34614f76792b5643397a39625a4d31344a6d3249477a6265445a2f52387a6c506d7642584c344c54583242386c366332334e5a4667767571466e4c4661463971324f6d6f48656e75786f354864736d6138597a547947653262734f547a2f784b3838706e4247464b464562356d69673369556b5761677a5742483369625765704877726a3744387138465135413144536b37507863572f39354c4539794b647a736837634966744454676a654d32596f424d50725341766872313541425a506f5777303250347658693639394d33664e4e4a5a52515235386542664d50702b7572664a416242626575664e317a574536634c2b2b59493249626c7243354f5635385033646a3872535a5559463266326a487876616546674437754a7943713938306659324e4445526d6a78484f6738464461334d5147515431505a334c2f395231755151676c796b464352477471643332634172785873446e39477670445a4734443435414a6870486c706173644f435037337667437a6c4549493076504169594551627048595061595056503176773961716e714a7a475574654b67314b6c5a3138384b4573356843422f62547743753033374a6c466f67354e467430656f6474616776753135586b3274574d6d732b384a767956494f49636a665472624153686d6e467178324a356c55566d4f6c726853633476432b5249504b6d696c774f735338527843436e41753143796e56454374446e64727a66574c465a683078567537615652576137376c516879784951667037347852327855395672453658356d5a317065454978746577716b3550632b6d4a3073464f6b70745a6f67385a53724e566f6336737a6c6e326a596d51566d7830444a687154434563486342363433465a49775635356641724969486a454d77506b386b5530756e4c47784e2f5778334f30664c56674d65794f467a696d77396167344f443645386b454976306944546c726e732f6a573333625a47744a2b526135384e682f507135332b4c506877376a794f764e4f50396d61323546614c4d765837594364723456764a4b626f4261555961543634376834374369634a635659567263454e36786169512f637541593331362b526a53366a65724161495a334a494e7254672f6474326f7a5577434435324e5878457836337172774d682f622f564e5a6f6f7a73724738587a6b7049534a464d44564c70367073555a5833534d442b686865486c4c69777251513946744b4a326556562f68766e6b4d486974416d613552644531724c4876334e3244504d776677326f6c54384c696334742f4d76502b777566462f617a6d684d354e7447386d67732f7968665949644f554d62594962534867347772506c726c792f42356f33726366667474386b33394a6d5749474d35657278464348533272523274375a3034647a364d7270346f72575376654d374354425348422b4972496e35574750436a7548414f7169764c55527573784d4c7149466255765250584c466d63617a784e5a69794945586a46787a4a796f5463627a4b6f6756772f67587758596779436e6432467a4141414141456c46546b5375516d4343),
(2, 0x2f396a2f34414151536b5a4a5267414241514541594142674141442f2f67413751314a4651565250556a6f675a325174616e426c5a7942324d5334774943683163326c755a79424a536b6367536c4246527942324f5441704c4342786457467361585235494430674e7a414b2f3973415177414b427763494277594b4341674943776f4b437734594541344e445134644652595247434d664a535169487949684a6973334c7959704e436b68496a42424d5451354f7a342b5069557552456c4450456733505434372f3973415177454b4377734f44513463454241634f7967694b4473374f7a73374f7a73374f7a73374f7a73374f7a73374f7a73374f7a73374f7a73374f7a73374f7a73374f7a73374f7a73374f7a73374f7a73374f7a73374f7a73372f384141455167415a41426b417745694141495241514d5241662f454142384141414546415145424151454241414141414141414141414241674d454251594843416b4b432f2f45414c55514141494241774d4342414d4642515145414141426651454341774145455155534954464242684e525951636963525179675a476843434e4373634556557448774a444e69636f494a4368595847426b614a53596e4b436b714e4455324e7a67354f6b4e4552555a4853456c4b55315256566c64595756706a5a47566d5a326870616e4e3064585a3365486c3667345346686f6549695971536b3553566c7065596d5a71696f36536c7071656f716171797337533174726534756272437738544678736649796372533039545631746659326472683475506b3565626e364f6e7138664c7a39505832392f6a352b762f454142384241414d42415145424151454241514541414141414141414241674d454251594843416b4b432f2f45414c555241414942416751454177514842515145414145436477414241674d52424155684d5159535156454859584554496a4b42434252436b61477877516b6a4d314c7746574a7930516f574a4454684a66455847426b614a69636f4b536f314e6a63344f547044524556475230684a536c4e5556565a5857466c615932526c5a6d646f6157707a6448563264336835656f4b44684957476834694a69704b546c4a57576c35695a6d714b6a704b576d7036697071724b7a744c57327437693575734c44784d584778386a4a79744c54314e585731396a5a32754c6a354f586d352b6a7036764c7a39505832392f6a352b762f61414177444151414345514d52414438413868556b476e6c6434794b697a54306371334272557861484c62537430513037796476333665317a4b4634636756585a6d59354a4e4d68637a334a6779723049464c35344856696172594e484e46783869366c6f54527363624b6c3371712f4b514456525274475452387a4769354c676d53737a3536356f566d50725565646e55306e6e6e303470387a51637659736767646561647444644f4b6753525437564f765051317246706d62566850496f71544c43697472496e6d5a6c35706330326c72674f306d58356c70684744546f7a7a546e586d71526e73786771574f49747a696d4263314d43794c77635537457966594858623146526b6e734d552f7a5750337561584b6e76696e596c5857354151614174546c473745476b43734f71303145726d474b6f715a654b4239425338656c62526a596875342f64373055674178306f72517a304d37464b42514254713462485a6346347166377931434b6d6a50616d6a4f5863574e636d6e4f4f314b4274357150666b31716d5a37753475326a626d6e4c7a327034552b6c61704947374451754b6547496f2b556457464a75543631566b52754f797036696a6144304e4e3877646852356d656c4f36437a4865572f705253446565674a6f6f356b4c557a39314b44514570324b345472646770794e68716252544a4e4242424b6e4c6330786f343036413154424b394455717a6e6f5454755a4f6d3173795465672f69492f436a644766347a5453366e37793539785273527675746a324e556d77734c746a503856473166576d2b57773755344a6e74576944356b6b59677a2b384c663842703379352f646263667254466766494f3034705874586a637133474456325a476c397843446e6e7252543158412b2f525435574b35516f6f77665130754436567948554a535a7064724874532b572f3841644e416144614b6359332f756d6d374739445146304f56794b667733546731467462304e4b41342f684e43453069565a48513961745258584833526d716937333432452f68547a444c487936736f394d566f6d7a4f555976526c354a35484f46584f4b6531314b35416b534934342b5a526e38366f676c686a4941394d30776e42366e38425771714d78396b726d6f727734356a687a39662f7230566d68317839302f6e52562b3046374c7a4b666d482b4c6d6a41626f534453526c46624c707548706e465061595a2f646f45466342335066524369475475616b6a62796d42434d7848393770554b7a796f63712b443755725474496379664d66576e636c786b39797a63586b30354737796b782f645543712f6d6e764c2b5170466a5755345667507251364c45634d5178396a54456f785769464570505173667870336d4564546a386331435a44304841704b567975556e4679362f63596a336f3835324f586374396169464f56474a3446576d78637355574932556e337156307975514b6753496a6c6a697253534b69593631614d4a36505167436355554f32576f717244314b4e46464663783142525252514155555555444570366a4a6f6f6f45795a45413755356d4b394b4b4b614d6432414a786d6e4953614b4b30516d49657446464657422f396b3d),
(3, 0x2f396a2f34414151536b5a4a5267414241514541594142674141442f2f67413751314a4651565250556a6f675a325174616e426c5a7942324d5334774943683163326c755a79424a536b6367536c4246527942324f5441704c4342786457467361585235494430674e7a414b2f3973415177414b427763494277594b4341674943776f4b437734594541344e445134644652595247434d664a535169487949684a6973334c7959704e436b68496a42424d5451354f7a342b5069557552456c4450456733505434372f3973415177454b4377734f44513463454241634f7967694b4473374f7a73374f7a73374f7a73374f7a73374f7a73374f7a73374f7a73374f7a73374f7a73374f7a73374f7a73374f7a73374f7a73374f7a73374f7a73374f7a73372f384141455167415a41426b417745694141495241514d5241662f454142384141414546415145424151454241414141414141414141414241674d454251594843416b4b432f2f45414c55514141494241774d4342414d4642515145414141426651454341774145455155534954464242684e525951636963525179675a476843434e4373634556557448774a444e69636f494a4368595847426b614a53596e4b436b714e4455324e7a67354f6b4e4552555a4853456c4b55315256566c64595756706a5a47566d5a326870616e4e3064585a3365486c3667345346686f6549695971536b3553566c7065596d5a71696f36536c7071656f716171797337533174726534756272437738544678736649796372533039545631746659326472683475506b3565626e364f6e7138664c7a39505832392f6a352b762f454142384241414d42415145424151454241514541414141414141414241674d454251594843416b4b432f2f45414c555241414942416751454177514842515145414145436477414241674d52424155684d5159535156454859584554496a4b42434252436b61477877516b6a4d314c7746574a7930516f574a4454684a66455847426b614a69636f4b536f314e6a63344f547044524556475230684a536c4e5556565a5857466c615932526c5a6d646f6157707a6448563264336835656f4b44684957476834694a69704b546c4a57576c35695a6d714b6a704b576d7036697071724b7a744c57327437693575734c44784d584778386a4a79744c54314e585731396a5a32754c6a354f586d352b6a7036764c7a39505832392f6a352b762f61414177444151414345514d52414438413868556b476e6c6434794b697a54306371334272557861484c62537430513037796476333665317a4b4634636756585a6d59354a4e4d68637a334a6779723049464c35344856696172594e484e46783869366c6f54527363624b6c3371712f4b514456525274475452387a4769354c676d53737a3536356f566d50725565646e55306e6e6e303470387a51637659736767646561647444644f4b6753525437564f765051317246706d62566850496f71544c43697472496e6d5a6c35706330326c72674f306d58356c70684744546f7a7a546e586d71526e73786771574f49747a696d4263314d43794c77635537457966594858623146526b6e734d552f7a5750337561584b6e76696e596c5857354151614174546c473745476b43734f71303145726d474b6f715a654b4239425338656c62526a596875342f64373055674178306f72517a304d37464b42514254713462485a6346347166377931434b6d6a50616d6a4f5863574e636d6e4f4f314b4274357150666b31716d5a37753475326a626d6e4c7a327034552b6c61704947374451754b6547496f2b556457464a75543631566b52754f797036696a6144304e4e3877646852356d656c4f36437a4865572f705253446565674a6f6f356b4c557a39314b44514570324b345472646770794e68716252544a4e4242424b6e4c6330786f343036413154424b394455717a6e6f5454755a4f6d3173795465672f69492f436a644766347a5453366e37793539785273527675746a324e556d77734c746a503856473166576d2b57773755344a6e74576944356b6b59677a2b384c663842703379352f646263667254466766494f3034705874586a637133474456325a476c397843446e6e7252543158412b2f525435574b35516f6f77665130754436567948554a535a7064724874532b572f3841644e416144614b6359332f756d6d374739445146304f56794b667733546731467462304e4b41342f684e43453069565a48513961745258584833526d716937333432452f68547a444c487936736f394d566f6d7a4f555976526c354a35484f46584f4b6531314b35416b534934342b5a526e38366f676c686a4941394d30776e42366e38425771714d78396b726d6f727734356a687a39662f7230566d68317839302f6e52562b3046374c7a4b666d482b4c6d6a41626f534453526c46624c707548706e465061595a2f646f45466342335066524369475475616b6a62796d42434d7848393770554b7a796f63712b443755725474496379664d66576e636c786b39797a63586b30354737796b782f645543712f6d6e764c2b5170466a5755345667507251364c45634d5178396a54456f785769464570505173667870336d4564546a386331435a44304841704b567975556e4679362f63596a336f3835324f586374396169464f56474a3446576d78637355574932556e337156307975514b6753496a6c6a697253534b69593631614d4a36505167436355554f32576f717244314b4e46464663783142525252514155555555444570366a4a6f6f6f45795a45413755356d4b394b4b4b614d6432414a786d6e4953614b4b30516d49657446464657422f396b3d);

-- --------------------------------------------------------

--
-- Tábla szerkezet ehhez a táblához `groups`
--

CREATE TABLE `groups` (
  `groupId` tinyint(2) NOT NULL,
  `groupName` varchar(30) COLLATE utf8_hungarian_ci NOT NULL,
  `groupAdmin` tinyint(2) NOT NULL,
  `groupPicId` tinyint(2) DEFAULT NULL
) ENGINE=InnoDB DEFAULT CHARSET=utf8 COLLATE=utf8_hungarian_ci;

--
-- A tábla adatainak kiíratása `groups`
--

INSERT INTO `groups` (`groupId`, `groupName`, `groupAdmin`, `groupPicId`) VALUES
(1, 'Első csoport', 2, 2),
(2, 'Ez is egy csoport', 5, 3);

-- --------------------------------------------------------

--
-- Tábla szerkezet ehhez a táblához `grouptags`
--

CREATE TABLE `grouptags` (
  `userId` tinyint(2) NOT NULL,
  `groupId` tinyint(2) NOT NULL
) ENGINE=InnoDB DEFAULT CHARSET=utf8 COLLATE=utf8_hungarian_ci;

--
-- A tábla adatainak kiíratása `grouptags`
--

INSERT INTO `grouptags` (`userId`, `groupId`) VALUES
(2, 1),
(1, 1),
(3, 1),
(4, 1),
(5, 2),
(1, 2),
(2, 2),
(3, 2),
(4, 2);

-- --------------------------------------------------------

--
-- Tábla szerkezet ehhez a táblához `muscles`
--

CREATE TABLE `muscles` (
  `musclesId` tinyint(1) NOT NULL,
  `muscleGroupName` varchar(30) COLLATE utf8_hungarian_ci NOT NULL
) ENGINE=InnoDB DEFAULT CHARSET=utf8 COLLATE=utf8_hungarian_ci;

--
-- A tábla adatainak kiíratása `muscles`
--

INSERT INTO `muscles` (`musclesId`, `muscleGroupName`) VALUES
(1, 'mellkas'),
(2, 'hát'),
(3, 'bicepsz'),
(4, 'tricepsz'),
(5, 'combfeszítő'),
(6, 'combhajlító'),
(7, 'vádli'),
(8, 'has'),
(9, 'váll');

-- --------------------------------------------------------

--
-- Tábla szerkezet ehhez a táblához `quest`
--

CREATE TABLE `quest` (
  `questId` tinyint(2) NOT NULL,
  `questText` varchar(200) COLLATE utf8_hungarian_ci DEFAULT NULL,
  `questSender` tinyint(2) NOT NULL,
  `questReciever` tinyint(2) NOT NULL,
  `questTimeToFinnish` date NOT NULL,
  `questExercise` tinyint(1) NOT NULL,
  `questExerciseTime` double NOT NULL,
  `questIsAccepted` tinyint(1) NOT NULL
) ENGINE=InnoDB DEFAULT CHARSET=utf8 COLLATE=utf8_hungarian_ci;

-- --------------------------------------------------------

--
-- Tábla szerkezet ehhez a táblához `questresponse`
--

CREATE TABLE `questresponse` (
  `questId` tinyint(2) NOT NULL,
  `fileSize` mediumint(8) UNSIGNED NOT NULL,
  `file` longblob NOT NULL
) ENGINE=InnoDB DEFAULT CHARSET=utf8 COLLATE=utf8_hungarian_ci;

-- --------------------------------------------------------

--
-- Tábla szerkezet ehhez a táblához `review`
--

CREATE TABLE `review` (
  `reviewId` tinyint(2) NOT NULL,
  `userId` tinyint(2) NOT NULL,
  `graphics` tinyint(1) NOT NULL,
  `functions` tinyint(1) NOT NULL,
  `exercises` tinyint(1) NOT NULL,
  `groups` tinyint(1) NOT NULL,
  `comments` text COLLATE utf8_hungarian_ci DEFAULT NULL
) ENGINE=InnoDB DEFAULT CHARSET=utf8 COLLATE=utf8_hungarian_ci;

--
-- A tábla adatainak kiíratása `review`
--

INSERT INTO `review` (`reviewId`, `userId`, `graphics`, `functions`, `exercises`, `groups`, `comments`) VALUES
(1, 4, 5, 3, 4, 1, 'Elégedett vagyok'),
(2, 5, 4, 1, 1, 1, ''),
(3, 2, 1, 5, 1, 1, '');

-- --------------------------------------------------------

--
-- Tábla szerkezet ehhez a táblához `userprofilepic`
--

CREATE TABLE `userprofilepic` (
  `picId` tinyint(2) NOT NULL,
  `picture` blob DEFAULT NULL
) ENGINE=InnoDB DEFAULT CHARSET=utf8 COLLATE=utf8_hungarian_ci;

--
-- A tábla adatainak kiíratása `userprofilepic`
--

INSERT INTO `userprofilepic` (`picId`, `picture`) VALUES
(1, 0x6956424f5277304b47676f414141414e535568455567414141444941414141794341594141414165503469784141414141584e535230494172733463365141414141526e51553142414143786a777638595155414141414a6345685a637741414473514141413745415a557244687341414141306445565964454e766257316c626e5141654849365a44704551555a6b5632457a556c684b51546f784d4378714f6a517a4d7a6b794d5449304f4455334c4851364d6a4d774d7a45324d446c672b4a6863414141452f576c555748525954557736593239744c6d466b62324a6c4c6e687463414141414141416148523063446f764c32357a4c6d466b62324a6c4c6d4e7662533934595841764d5334774c77413865447034625842745a585268494868746247357a4f6e67394a32466b62324a6c4f6d357a4f6d316c644745764a7a344b494341674943416749434138636d526d4f6c4a455269423462577875637a70795a4759394a326830644841364c79393364336375647a4d7562334a6e4c7a45354f546b764d4449764d6a4974636d526d4c584e35626e52686543317563794d6e50676f4b494341674943416749434138636d526d4f6b526c63324e79615842306157397549484a6b5a6a7068596d39316444306e4a776f674943416749434167494868746247357a4f6d526a5053646f644852774f6938766348567962433576636d63765a474d765a57786c6257567564484d764d5334784c79632b4369416749434167494341675047526a4f6e52706447786c50676f674943416749434167494478795a4759365157783050676f674943416749434167494478795a47593662476b67654731734f6d7868626d63394a3367745a47566d595856736443632b54734f70646e526c624756754948526c636e59674c534178504339795a47593662476b2b436941674943416749434167504339795a4759365157783050676f674943416749434167494477765a474d3664476c306247552b436941674943416749434167504339795a4759365247567a59334a70634852706232342b43676f674943416749434167494478795a4759365247567a59334a706348527062323467636d526d4f6d4669623356305053636e43694167494341674943416765473173626e4d3651585230636d6c695053646f644852774f693876626e4d7559585230636d6c696458527062323475593239744c32466b637938784c6a41764a7a344b49434167494341674943413851585230636d6c694f6b466b637a344b494341674943416749434138636d526d4f6c4e6c6354344b494341674943416749434138636d526d4f6d787049484a6b5a6a707759584a7a5a565235634755394a314a6c63323931636d4e6c4a7a344b49434167494341674943413851585230636d6c694f6b4e795a5746305a57512b4d6a41794d7930774d7930784e6a777651585230636d6c694f6b4e795a5746305a57512b4369416749434167494341675045463064484a70596a70466548524a5a4434314d7a5a6a4e6d55305969316a4e4451314c54526c5a445174596a55354d5330334d5463305a6a45784e474d304d6d4d384c30463064484a70596a70466548524a5a44344b49434167494341674943413851585230636d6c694f6b5a695357512b4e5449314d6a59314f5445304d5463354e546777504339426448527961574936526d4a4a5a44344b49434167494341674943413851585230636d6c694f6c527664574e6f56486c775a54347950433942644852796157493656473931593268556558426c50676f67494341674943416749447776636d526d4f6d787050676f67494341674943416749447776636d526d4f6c4e6c6354344b4943416749434167494341384c30463064484a70596a70425a484d2b436941674943416749434167504339795a4759365247567a59334a70634852706232342b43676f674943416749434167494478795a4759365247567a59334a706348527062323467636d526d4f6d4669623356305053636e43694167494341674943416765473173626e4d366347526d5053646f644852774f693876626e4d7559575276596d5575593239744c33426b5a6938784c6a4d764a7a344b4943416749434167494341386347526d4f6b463164476876636a354362334a72595342435957747663334d384c33426b5a6a70426458526f6233492b436941674943416749434167504339795a4759365247567a59334a70634852706232342b43676f674943416749434167494478795a4759365247567a59334a706348527062323467636d526d4f6d4669623356305053636e43694167494341674943416765473173626e4d36654731775053646f644852774f693876626e4d7559575276596d5575593239744c336868634338784c6a41764a7a344b494341674943416749434138654731774f6b4e795a57463062334a5562323973506b4e68626e5a68504339346258413651334a6c59585276636c52766232772b436941674943416749434167504339795a4759365247567a59334a70634852706232342b436941674943416749434167504339795a475936556b524750676f6749434167494341674944777665447034625842745a5852685071426c6f387741414154735355524256476844375a6c2f534e786c484d66667033656e546a3239752b2b4a7a6b315a6d7a5a4b45416d52466d316c2f36775949307848314b4166544162576149324351526c4577594932696b6a2f634642675561785272745a697a6562595a6f556d4f436675523741306c646d384f332b637033666e365632667a33645049573037372f7539353273577675444c385878343770376e2f6630387a2b667a655a347a52516e38443067536e2f3935566f51734e3161454c45622f34424271392b314851646b6d6d4c4a58772b525967773056572f42792f5675596d50534a587649774a477056506263624c5564626b4f5a3049695846436e4e79736d71666d3574444d42524330444f476c2f627477667476763648615a5342645346354a4f63596d4a70466c79785357572b45687657506a4b4338725263664a59384b6147464b58316750626e7343457a78645442474d796d61413448666a6c516739653246387672496b687a534e7435332f4349397472344d724c465a624634614539744a644742362f4352634953515a7048586a7477454a6b4f75326a464233736d545847696e7236624b4e493859724c6c51736d6e3645535430774948674e54555646792f324345732b7044696b5a45626f3444466f6c6b456b30775262575467643948536a78516850426d393642462f4f365149796146316a746c5a64664e714a524b4a774a775a4f3872466737544e586c78794c384b30337255534373316936384f625255732f306f5338556c654c53642b55614d5750663249437237363457375430497a577a3234744c4559314559625661684355324d7a4d42464b3166682b37544a34524650314b466a464e7034696a63694f776346775778324749437753426d77324745686e34566c73535174725159653359575050325861494a7a38493650717a6c6949667a4f65504a757477644f7531326143425832694247383239415564643564466f55744e77716c344f61546b524f397133787a74506d4c7230517665556976666d38485637706d637a49566b7a5a686b593868516e7854666a5238314977667a72576a392f4a56754c316a61754c4c64536b6f4c626b486a31592b684432376e70475744426d705173596f6c46592f5834637a70303744537675464431555773786c4a53546533347678386848494e6258444b4857457139327565724d615270672b6c434a4b3232642f356f42484f2f474c316a4b47737a5666504a4b6b704b5772357768506c683564584768574932566b324b477679386532704e6954524d666a4973655069562f516a78534f5656552f687a506c324b4971692b6531474b4f393452305a51752b745a4e423036494b7a615356684978646248306433627037376c524f435176484e484654357065453959744a48513074705a747864645062304a693242634641672b2f66776f446a5932435973326448766b52477362746c552f44526364706d5442552b476a373843564379696b6661594633554a4d4f5956774f68782f5279525a68436e7a703169742b4b4f7653316a69513963733972372b4a7177556b57534c594c68477530483735574e615a6c7251355246545668365531586c53453970433575626e4561614432685456626647692b5a5565616a774d533061475953495976706e302b36665265725a6457425a48733066344c6e654b427246597a4d4a6944494641454a555062734c587a5965464a54616168506a38666d546c46306d4e56486369517450796a6f3469366830576c74686f576c72666e47784663766f7130544b574a463636464578364c3130526c74686f45764a6a5a7865734671746f47592b46776e41376a526b506d6f54303946315771396d6c776d7932344b495248686b59484b5a71566e4f67307732504e55435a506834307a596f3375386d414a48676e4f4f46363648515a4435706d4e55306e507934686c67712b71444245534566726364676f476271766a366a2f41383445417572746f6f37693442593433504c457032646d3147736c39394177316863576f4f334c7a305350324f677155666a32766557373733487535303530647665672f397076584c7279377554316f43344a4470392f6e5177587773507845346c4731487466305045586647316b7457426a30515a55334665474c6664586f476237593868495478666657687a643165382f6d616636364e724149455939487267395876562f52505a594942675350576777457255714c5a57654e446a74325841705475546d754c4375594b336f6f523970517635746c6934454763794b6b4f58476970446c4266416e78672b582b416844594c6341414141415355564f524b35435949493d),
(2, 0x2f396a2f34414151536b5a4a5267414241514541594142674141442f2f67413751314a4651565250556a6f675a325174616e426c5a7942324d5334774943683163326c755a79424a536b6367536c4246527942324f5441704c4342786457467361585235494430674e7a414b2f3973415177414b427763494277594b4341674943776f4b437734594541344e445134644652595247434d664a535169487949684a6973334c7959704e436b68496a42424d5451354f7a342b5069557552456c4450456733505434372f3973415177454b4377734f44513463454241634f7967694b4473374f7a73374f7a73374f7a73374f7a73374f7a73374f7a73374f7a73374f7a73374f7a73374f7a73374f7a73374f7a73374f7a73374f7a73374f7a73374f7a73372f3841414551674179414449417745694141495241514d5241662f454142384141414546415145424151454241414141414141414141414241674d454251594843416b4b432f2f45414c55514141494241774d4342414d4642515145414141426651454341774145455155534954464242684e525951636963525179675a476843434e4373634556557448774a444e69636f494a4368595847426b614a53596e4b436b714e4455324e7a67354f6b4e4552555a4853456c4b55315256566c64595756706a5a47566d5a326870616e4e3064585a3365486c3667345346686f6549695971536b3553566c7065596d5a71696f36536c7071656f716171797337533174726534756272437738544678736649796372533039545631746659326472683475506b3565626e364f6e7138664c7a39505832392f6a352b762f454142384241414d42415145424151454241514541414141414141414241674d454251594843416b4b432f2f45414c555241414942416751454177514842515145414145436477414241674d52424155684d5159535156454859584554496a4b42434252436b61477877516b6a4d314c7746574a7930516f574a4454684a66455847426b614a69636f4b536f314e6a63344f547044524556475230684a536c4e5556565a5857466c615932526c5a6d646f6157707a6448563264336835656f4b44684957476834694a69704b546c4a57576c35695a6d714b6a704b576d7036697071724b7a744c57327437693575734c44784d584778386a4a79744c54314e585731396a5a32754c6a354f586d352b6a7036764c7a39505832392f6a352b762f61414177444151414345514d5241443841396c6f6f6f6f414b4b4b4b414369696967416f6f505134726a2f442f414d52644c3154554a644b766d466871454d7a77374a54684a475669703274305049366461414f776f6f6f6f41576b6f6f6f41576b6f6f6f41576b6f5041796138363859654c72335647756446384c766b786f526333692f64546a37696e75782f53706e4f4d4938306e5a465269354f7952364c52574c344e31502b325043476c33706375386c73676b4a366c674d4e2b6f4e625655534646464641425252525141555555554146464646414252525251415555555541464646464142586b4a307531764e643853616465524b3672714c534c367276416249394f74657656356e7145663266346b61756d4e6f6e74345a767163465366304665666d562f71306d6e5a717a2f4536734862327954366a4e4f312f58504341574b6353617670536e4763356d68482f414c4d42586f4f6b6133703275576933576e334b5452734d38486b65784861754e72496e3057533276503753304b364f6e5877354a586d4f58325a656c6564684d322b7a582b2f2f41444f7976675074557675505636526e56426c6d436a334f4b3869667866347531505576374c76645167304f584132655444764d2f715664736a384d5a715676447075522f702b73616e646b3964317756422f4156364e624d635053306276364934366545717a325236723971743834382b502f414c37464a4a643230556253505047714b4d6c6977774b38712f34524c534d353875347a362f615a50386167757642656e334d526a57367634676577755759666b617757635964394839332f41415456356656386a623852654c4a2f456c7a4a6f33683659705a72387433664c333955512b76765462477874394f744574725a4173612f716655315430617876394e563757346c7435725a41504a654f507933397777484870794b314b385848347965496e612f7572613339626e6f34624478705276314c4877786d38697a315052696347787648324b65794d64792f6f613769764d7444765939462b4968382b56596266564c554c766334486d4965426e314950365636623172366e4331506130597a376f385376446b7153694646464664426b464646464143306c464641425252525141555555554146464646414252525330414a586e6669794d512f4561786c484832697764543737574750356d76524b3448346871735869487739636a4738764a45526e6e42415053756246783573504e65544e71447456692f4d625252564c554c36533261473374596674463763747367683954334a505943766961644f56535368465862506f355355497555746930384d556a6f3778717a496371534f565074543673572f6750564c694953332f694f34686d595a4d5670464773616577334b5366784e55722f51504565676f5a306c5857725265584777527a715055592b5676706756366b386f78436a644e50794f4b4f506f7556746957696f4c472b7439517456754c5a39794e78794d4654334248593150586b744f4c73397a75545456304655764f3144554e5262546446746b6e6e6a414d306b6878484544362b2f74563272337779554e6f742f634d6f3832532f6c44743349474d666c5870355a686f56366a3539556a6a786c61564b433564325957746547504558325172665746727156754f54396d5972496839526d6d654576484d756b534a7032727a745059462f4c6a757042683764757953447439613954726976485868434f2f74707457302b315637324e44353048384e334833516a2b396a6f656f4f4b2b6b6a5156485769726558522f35502b6d6551367271615650764f7a566c6451796b45455a4248656c727a663464654a476775593942755a326d745a6f2f4d30366151356262336a592b6f7230697569456c4f504d6a4b555846325955555556524955555555414646464641425252525141555555554146464149595a424248714b4b414779794a444530736a42555145737836415635546133556e696a584c6a7848635a2b7a686a4670385a2f686a4278762b7264613666346c616a4c466f6b576b5772737478716b676742553871682b3866797a575a6232385670625257384b68596f6b43496f3741444172786333784c703031536a764c66302f344a364f416f3830756439507a4a4b547776436c31342f755a4a426b32566b6e6c6578636e503868533142706c312f5a586a693175484f32432f684e753537427763726e387a586c5a5530735572396d64324f5464463250534b5369765050695038516452384b61686257656e775245756e6d4f38774a42486f4b2b76504148654c644b58773971385774326743575637494972324d63425850335848343848384b577472554a68346e2b4730393038506c746457426d43482b46774e772f5543756230755270744d7470474f574d597966553138336e4e474d5a52714c726f7a324d76714e7077665174564c3446757859613571576979664b73782b31572f766e68763656465648553753346b4d4e377038676931437a627a4c647a304a37716659394458446c324a574872586c733947644f4c6f757254737430656e56424866576b74793974486378504d6779305963466839525756346638545776695377594a6d337655586250624f666d6a622b6f39363444777838507645576d2f454d617063737157735572794e4d48795a67774f46782b492f4b767355303164487a31724662784870386d69363966725a6a61396c4b756f5777485a57507a4c394d3572316e53722b50564e4b74622b493553346956782b4972697455736e317a7874716a576f457364705a70444a36467a6b6c6672676972587779314f442f684866374a6c7545467a5a584573586b7332474337736a6a386135365634315a7774706f3138392f77415461646e546a4c72742f6b647452525258535968525252514155555555414646464641425177334b516568474b4b4b414f4f6b3846616e70726d62773734687559446e506b586637324d2f31464e486a4c564e4178483475307072654c4f50375174515a494f33337363722b4e646e534d6975685631444b5267676a67304165593678715672346738655738396e63783356725a326535486a626375356a2f4f7239633963614f747438527453585435445978786248614b4a51466b42366769756872354c4e6e664576586f6a337343763349565631477858554c4e6f43785273686b6364555964434b74565973374b652b6c3875466334366b3942586e552b666e5873392b68317a35655638327863384b2b4c56756d5852745964594e56694741474f42637150346b396663567561726f476b363335583970574d567a3552796863644457584e344a302b2f74784871514d2b446b592b5861665548714455502f43493672622f7537447858714d454134574e3973685566377a416d767473504b724b6d6e566a5a6e7a6456515576636430532b4e4c3650542f4462615a61715074576f4c396a745945484a33634567656971536662465a306668792b303279686845526c574e4175553536653162576a2b46375454627874516d6e6c763841555375787271346263796a3041364b4f6e417263714d586849596d4b6a4a3273565172796f75385477375576474f705161746432567270385946724a356265657856696658474f6c51663841435a61332f77412b46702f3339503841685870336937774659654a6d46326a6d3031465632726349507644734748635635354c384f7646365867744667746e526a6a375548776f4871522f5373566c7548535335622f31366d3331796f33666d4f6c384a576c743430306c3736534b58544e52745a326a463162536373522f4d657872644f682b4d442b342f34536541514534387a374c2b39783963347a57783463304b32384e364a62365861355a59562b5a7a3164753748334a357254727568434d49714d566f6a6b6c4a7962624d37524e45746443737673397558646e59764c4c4963764978366b6d7165736544644831646a4d304a7462764f356271334f79514e3635372f4149317530565a4a78747034677650433270526150346f756f6e676d7a396c3146694544342f68663050765539333853504430637074745075483157373543323969686c596b66546a48765466456667445139566731433861795133387946684f5479725934785672774463773376673677754934596f704e686a6c3874417557516c536550706e3861414b2b6b703471316656597452314c6270566a476378324b2f4e492f3841766e6f5070585630555541464646464143306c464641425253306c41484e616c7076693939526c6d307a584c4f4b32592f4a4450624674763467697176396e2f4142416b79726131704d592f764c6175542f3646585830554165526176706573364a3430734c6e56745657352b336f59326c534949724d4f694566722b466274644a347638504478486f556c716a434f356a496b743550376a6a6b47754a30545647314732614f35547962363262797271453955636466774e664f5a7868356379724c625a6e72356656566e545a7056324f6951724470634a55444c72754a396134367576304b6354615a474d38782f4b6178795a783975373732304e4d7776374a57376d6a515346424a36415a6f704858636a4c366a4666556e69486d3268614e716e695766567464746466764e506c62554a49345551686f397159586c54394b32424e342b3063596b7462485849682f46432f6b536e3847345035696c2b484d676873395630715159754c4c555a6434506f35334b66794e646a51427945587847302b3359526135702b6f364e4a6b676d35746d4d65665a3179442b4662326e654974463159442b7a3956744c6b6e2b474f5a53772f444f52562b574b4f5a436b73617570374d4d316736683445384e616b5330326c7771352f6a6a47302f705142304763394b4b34382f44324f33482f45733133564c492b303563666b617774597566464767366c626158706e694a745576726c67467470595153693932596a6f425142366252554e6b6c7a485a784c6479724c4f46486d4f713442506641716167446c76457575612f6f7a33453065694c65615973524a6c697546563034354a5673636651317a506766786e702b67654537613131437931534e79306b706b466a49794d4763734347413547434f61322f4774334a725639626545624273795852443362722f79796942357a3961362b4732687437614f336a525248456752526a6f414d43674449304c78687050694b346b6730383342654e647a6562413859782f77494374796b5645586c56412b67706141436969696742615369696742614b536967416f6f6f6f4157754b38592b455a357273654964424154556f786961486f74306e6f66396f646a5861306c544b4d5a78635a4b36593479635864486d476c617842716b624b41304e7a4564733176494d504766702f57742f5239524e686334632f75583459656e76566278377058687341616864366b756b36696e2b7275497a387a657858754b346179386443326e4e7471735a4b5a776c3147704375505569766e6132583163505556584436323664662b4365765478634b304f53722f582b5237696a7249676447444b526b455574634e6f58696d48614461334d647a436571427552394b362b30314f317646426a6b47372b36654458725962485536337576335a646d634662445370367256647a6e50454769366a70327366384a503464525a4c6e614576624d6e41756b485167396e4862387175614c34333062575349444d624b394844326c32504c6b4239426e722b46644457587133686e52396358476f574d5572446f2b4d4d507872754f59314151526b45456531513356376132554a6d75376d4b434e6572794f46412f453179726644714749624c4c5864567449382f36744a7951507a7157443464614b4a524c667663366a494f6333557063666c5142567576474e3534676b62542f414164624e4f54772b6f7a4956676948714d2f665030725a384e2b46726251456b6e6556377a55626a6d34764a7558632b673942374374565261616662684645567645673441776f46594f6f655064447335546277544e66335861433055794d542b46414853317933694c7866396d6e2f7362514968714f74532f4b73616378322b6634354748514430366d71706a38572b4b4d724e6a51624275796e644f342f6b4b36485250442b6e61426247477867436c755a4a473565512b70506567436c3456384c726f4d4d747a637a47373153374f3636756d3675665165696a3072666f6f6f414b4b4b4b41436969696742615369676e436b3041637a666137712b6f6170507076687947324a74654c693775636c46622b36414f702f47703948312b3666555730625737654f3131465633786d4d6b783343647970504f523346516644346562345668766d5543573964353550646d4a4e577646576879617659527a325465567156692f6e326b6e2b304f716e325963476744636f724d3850367a48726d6c706368664c6c55374a6f6a316a6364516130364143755038562b4e5459542f32506f697264367134353770626a2b38783966617148696a784e71656f61764e6f4768534333534141586434526b706e2b4652363153303353726253346973494c4f357a4a4b35793868376b6d764d78755951772f7578316c2b5871647547776b717676505246577830474b4f344e2f714c2f3268714d6879397850387858325548376f2b6c616330454e784759356f5935555056585545483836665850332b747a5839772b6d6147424c4d4f4a626a2b434838653572356c4f74694a387a667a37663548735770306f32532b586379724c7735706431346d314b47434e306768524e72777946444849656f42487469745961447174702f79442f454e306f483356754657554438547a2b74614f6b615846704e6b49497958646a766b6b6271374871545853576e6836367549784a497978416a674872585837584556366e4c5339354b32365432363637583954446b70556f586e70663841726f63764271586a757a345455624334556470596d352f553033552f48486a66533755334d746e70736b532f66614c63536f396356314e3134667537645336596c556633657635567a5069475a4c62516231354f41496d47434f3964454d58693646534e4f636433322f4c557a6c516f56494f5557624f6e58586a7257624b4b37733954304c37504b4179795277752f482f665178394b7344777a347475696674336a4f614e5736705a3273614166516b452f725847654737793738434a5958626c3330713569515830523538695167664f506250577658726535687537644c6943525a497046334b366e49497236476c5668576a7a51643065544f457162744935654c3462614b7a4b327054366a71685559786558736b692f6c6d7568302f52394d306d4c79394f734c613054754959677566726a72584d654976487151586261523466524c2f414645663678676378776537483139717752642b4e5944397254585970356879625a34735274374139717a7134756a526b6f7a6c5a6c553646536f727852366a5257483455385378654a744d4d2f6c4743356866793769416e6d4e783146626c644b643954454b4b4b4b414369696967416f6f6f6f414b4f6f78525251427a6e67706b74745075644a433747303634654c5a6e6f7563716678474b364361346974303353794b67397a584c36386b76683358453853323862506153714974526a515a4955644a414f2b4f2f74554f73587158313273304d7979323752713054496371516534726978754b65477063365633736447476f2b326e797432497459314744514e5850694454573836435843366862494f574861514431483871362b7976726255724f4f3773356c6d676c58636a716367697547494247434d6739717a3761323150516268376a7739644c476b6a62704c4b664a69592b6f2f756d7650773262715435617974356e5857774469723039526b55523033786c72576e5344486d754c6d4d6e7177505774537561385665494c7154556244575a3945757257357454356337786a7a4935496a314f5230783734726f6f70593534556d69635048496f5a5742794344304e65646d6346376232734864532f4d3638484a2b7a354a4b7a52796e696464536775643039374d4e476e49452f6b674234683347522f436539644a7031725a326c6c4846594a476c766a4b374f68392f65703549306d6a614f5241364d4d4d704751525850364e763062573564435a693173364761314a4f536f37722b4659633772556556614f4f747536372b712f493135665a314c392f772f3442324f696945367246357742484f3350546432727361344145676767344935424661396e3479744c652b74744e314a7a464c636352544d4d4978394365674e656e6b2b4a6a4739467256366f34736652622f654c5a485556356c38544a4c523962307a53326c6a695335627a4c6b4534796f504150314e6437727573323267615063616c644835496c2b565231646a305565704a726e6442384b7271316864366a346c746c6d7539552b5a6f3335386c503456486f613932725356534e6e38764a397a7a4954634864476579527978464756576a5959494979434b786a34567445563472653876375733636b746277585470476339666c427855312f593376675736454e354a4a63364a4963515862444a747a32522f62304e6163556b63306179524f73694d4d686c4f51612b5371303852675a754b62536656624d39364571574a6a647135425961645a365a6243337372644949783251597a376d6e336435623246724a63334d676a696a55737a4830716865654962534735466c5a68722b2b6237747462446533343436666a57726f766761393153366a314c785556325273476830364d355263644335376e32725444594374695a63303946336537497259716e52584c4856396935384f4c4335573076645a756f6a4332707a655a4847334256414d4c6e334946647053414256437141414f41423270612b736a4652696f725a486853626b32324646464655494b4b4b4b414369696967416f6f6f6f4152305752436a714756686767394458423672344e3144534a354c337732566c74334f3654547044675a376c44322b6c6437544a35347261463535355569696a47353364734252366b316e5670517178355a71364c684f55487a52646d6558707231736b6e6b333855746850336a7546782b5236477238647a424b4159356f33423659595664762f4149682b4337747a42634a4a65775a773077736d6b6948343472433157392b476a734773624362554c6c78784870346c47507267674c586931636e70765745376570364d4d776e744b4e7a5364593559325239724977775165684663684271662f434c366d326d52736232774f585249766d6533486f66616e44773164616e644356556d30617a485345585453797639546e412f5775693037534c48536f664c7449517566764f337a4d353953613832536f34666d673563392b69323962392f5137463753726156755733396266356d652f6a4853746e376b7a54534870476b5233452b6c5a7470714570385578333274573732586d5265586142755647656f4a396136305278716368464239514257647230326c4a703752367379474e2b46547137482f5a41357a394b7a70564b642b53454837326d393338745036386970776e626d6c4c6237766d6165636a49354656373678743952745774726c41364e2b5950714b353353377a5639437449356459734c71505270354e747464544c38385137655942794165784e6453724b364230594d724449494f51616976683675466d722f41435a564b724374485178644b6d6b54785470396c34747533754c5331482f45746b66376a5032332b724163416d7657775151434d593759727a652b7362665572523757366a3378742b59505967396a54764476697134384e334b615034686d4c32626e626158376442364b35376657766f63426d4372726b6e3858352f384142504b785745644e38306476795051703449726d46344a34316b6a63595a47475152584a7a66433777314a4b7a70424e416a6e4a69696d5a5550344134727341517967715151655152336f723172584f417a7449304453744368386e544c47473258755555416e366d7447696967416f6f6f6f414b4b4b4b414369696967416f6f6f6f414b4b4b4b4143754e2b4b6a4f5042323045694a3775425a7364304c636a2b56646c5762346a30644e653850336d6d506747654d6847492b363435552f67514b5456304e626e4777775178514c4848476978674142514f4b4962614344506b7770486b354f31635a725038503373747a596d32756c4b586c6f336b7a786e714748663861314b2b4471786e546e4b45747a3665446a4f4b6b6771766558397259524753366e534a522f654e594775334774577431484a4e664a5a3655306f57536133693353524b66346a6e49783942586436503841447a77395a474f376d5754565a7941776e764a504e42397750752f70587034544b2f627835334e57387457636466472b79664b6f366e4c576b2b75654932326142592b58416544653349776e3444716136765150415668704d347672325274523144484d383349582f6448617570565652517171465564414267436c7236484434536a683137692b6655386d7258715658377a49627530743736306b744c6d4a5a594a564b756a444949727a4c55394b7576416c794f58754e446c62434e316131506f66396d7655366a754c654737676543346a57574b51625752686b4556646568437642776d7443616453564f584e4534474f524a59316b6a594d6a444b73447752556431615158747339766378724a47347756497170724f683376676163334e6b6b6c336f456a5a65495a5a374d6e7550565035566474726d473774306e7435466b69635a566c5057766b4d56684b6d466e7274306639645433364e654665506e315255305878426665437055736452615338305232327858424f5874523256765661394c7437694737675365336b57534a786c575535424663444a476b7362527949485268686c595a42465a567470757461535a494e44312b5777737044753867784c4a73502b79574277506176587765625263655775395631372f3845344d52675865394c376a316569764c764c3855392f4746336e2f7233682f2b4a703864353430735476673851513375502b576435624b41667854427274575a345675334e2b444f5a344b75756836645258496548664852763739644a316d794f6e3667772f64346264464e2f756e2b68727236373479556c7a52643063725469374d4b4b4b4b6f5155555555414646464641425252525141555555554165662b4e394475644c31482f684b4e4c694d696264743962714f57582b2b5063564461586346396178334e74494a4970426c5746656a4d41774b734151654344584261783445764e50764a6452384b7978786955377074506c4f496d5063722f6450303472796377792f3678373850692f4d37734c69765a65374c5972335674466557736c744d75364f5253724436317366444f396d7566434556764f7864374356375863653452696f2f5143756354542f414272715447316a306d4c544d384e637a53427776756f48583861377a77356f4e7634623057445462646d6352676c354736794f6557592f55314f5634577451557661615836447874616e5661354f6871555555563742774252525251416a6f6b694d6a7147566867676a6769764f7466384a58336836346b31587739475a374e6a75754c44755055702f68586f31465a314b634b7358476175696f546c42383058716561616471647271747174786179426c5042553846543342485931627261315434652b473956764a4c32537a6143356c4f586c747047694c48314f30396665714466433753677549645431654c36587a2f414f4e6546504a6466636e70356f39534f59366539457155564b66686e4b472f64654b74575265774c713338316f507731756d2b39347431556a32387366384173745a66324c562f6d58346c2f77426f302f3557632f347049687372653851346e74376c476950664f656c6573524d5768526d366c5154584b6164384e39477337794b38755a7233554a6f5475543756634d36716658626e4664643046653167734d384e533547376e6e59697371302b5a4b775555555632484f4646464641425252525141555555554146464646414252525251415555555541464646464142525252514155555555414646464641425252525141555555554146464646414252525251415555555541662f32513d3d),
(3, 0x2f396a2f34414151536b5a4a5267414241514541594142674141442f2f67413751314a4651565250556a6f675a325174616e426c5a7942324d5334774943683163326c755a79424a536b6367536c4246527942324f5441704c4342786457467361585235494430674e7a414b2f3973415177414b427763494277594b4341674943776f4b437734594541344e445134644652595247434d664a535169487949684a6973334c7959704e436b68496a42424d5451354f7a342b5069557552456c4450456733505434372f3973415177454b4377734f44513463454241634f7967694b4473374f7a73374f7a73374f7a73374f7a73374f7a73374f7a73374f7a73374f7a73374f7a73374f7a73374f7a73374f7a73374f7a73374f7a73374f7a73374f7a73372f3841414551674179414449417745694141495241514d5241662f454142384141414546415145424151454241414141414141414141414241674d454251594843416b4b432f2f45414c55514141494241774d4342414d4642515145414141426651454341774145455155534954464242684e525951636963525179675a476843434e4373634556557448774a444e69636f494a4368595847426b614a53596e4b436b714e4455324e7a67354f6b4e4552555a4853456c4b55315256566c64595756706a5a47566d5a326870616e4e3064585a3365486c3667345346686f6549695971536b3553566c7065596d5a71696f36536c7071656f716171797337533174726534756272437738544678736649796372533039545631746659326472683475506b3565626e364f6e7138664c7a39505832392f6a352b762f454142384241414d42415145424151454241514541414141414141414241674d454251594843416b4b432f2f45414c555241414942416751454177514842515145414145436477414241674d52424155684d5159535156454859584554496a4b42434252436b61477877516b6a4d314c7746574a7930516f574a4454684a66455847426b614a69636f4b536f314e6a63344f547044524556475230684a536c4e5556565a5857466c615932526c5a6d646f6157707a6448563264336835656f4b44684957476834694a69704b546c4a57576c35695a6d714b6a704b576d7036697071724b7a744c57327437693575734c44784d584778386a4a79744c54314e585731396a5a32754c6a354f586d352b6a7036764c7a39505832392f6a352b762f61414177444151414345514d524144384138677a54316231706c46616d4c314a57584971496a46534b314f4b62756c424e37454e465472617578344653697863444a464d485569757054786d6e724754566777684f744e4a416f467a333247724742317034594c3070686461547a467033465a736c457a55344d573631583834396854544d3146786368623874543370504a58317170356a6574534a49314677634a4c715741675874546a4946484170697934484e49306974544d374e76556130784e4e3877304651656c4e4b6b5563786f6b6832382b744c764e52344e505565745570413069514850576e6841616a44415575386d71524454484d754f6c4d494e50446574504142716b6858735639704e465764676f712b514f637a614b626d6c7a584764516f4e5478795971436c55346f75544a584c71334a5163436b652f636a4651413546527454755a4b6e472b7148764f7a56455354336f6f70477953516d54526d6c6f78514d544e47614d5541554446417a55716a4649713072476d5a7433455a365a756f77536165492f5767656945426170464a3730336861597a476b4c636d38315253627731567a6d67476b48496979426e7654674b7271354653724c36317047566958466b6f70774e4e5677616b414236567647526b785131464a744e4661584a736a4d706330326c7a586e6e634c536730326c7a51496d55306a436d71616c5049706d62305a445253734f61536d57474b5767555543436e7174434a6b315a5348696d524b5352466a41704e7453737046524e756f4a547548417070656b49616b326e306f4c5351684e49616467306d4b4c4447347051744b425473552b5564784174504330677077713146454e6a6c4653436d436e41316f6b5a736543614b61476f725169786d696c6f6f727a7a75464646416f6f454f55314d70794b68465349616f69514d744e7855784752555a4656596c4d62536755754b636f357032473250546970504f4b696d6759464d616e5979736d79547a6765744c6b476f4d556f794b4c443556304a53703755303548616b446b553453656f7032467168686231464a7548705576794e5347494870525964304d42583070527470664b4e477769715343364641576e4256706f464c5769524c4862525362525252696d49554a525369697146646d6253346f6f72674f774b5846464b425149414b6570785461645645736d48497072436844546d464e47657a4741564969307764616d5163566f68535945635647526b314b3152315669554e7852696e596f78547356636252696e556f576e796863614254786b55754b5846556f6b7467477854777750576f3855754b71784c534837564e49592f536b7a696c33476e59576f6d30696b703462327063413037426675525a6f71587973305537427a49793855744c6969764f4f774b5769696d4942533055744168364770656f7142654b6d51307a4f516d336d7042774b4d556a484171694e78724e534130776e6d6c42716b793745677063557745303841316f70454d4d5534556f51307530447656334a754a52696c334b4b547a567033516168744a7064744e38326d6d51306377575a4c6755664b4b68336d6a64527a42796b32345568656f67314f7a36306377636f3765614b4247376442785255387a44516f555a706d366c796134726e58596653357067705254754b77366c70425254454c55735a71484e4f563970706b74585265574d734f425458743350616d7733573372566f584b754b5a7a506e69396970396e50656a79736471734f78505131437a754f314d70536b784d4564714d7432464d4d3744714b54375166536935566d502b633068566a5366614b587a38302b594c5337445447314a3562552f7a71587a4d315678336b5237445337445439346f33437146646a524753616d57796d635a43386570714d534148494e544c657971754666696d7264535a632f516159556a4f47626e327041797239785150633830706e53542f414669382b6f6f324933334848304e417466744453576271786f6f4b46656f6f6f48364763425368616342533179324f707354464c6969696d494b4b4b4b414369696967417a696e724952544b4b42577557566d507254764d396171413470367651513449735a52756f7070684236557a72306f334d744d6d7a364159534b62744971525a2f576e376b616d68336133494b634b6b4d5950536b38736972516379457852747077427a307077556e745670457432497355735979323331347163514d65314b7473774950705435574a7a5256497763476c414e583771304563676366646b58634b67324b4b664b4a5645316444455a783730564b436f37555661695333354764525252584564595555555541464646476141436a4e4a5251415a6f6f6f6f4746464a6d6c6f4163725971514d44554e414e424c695446615a794b56587033445530547349736846544a5036314156704f6c556763557a516a654d39616d566f6857597259716458794b30556a43564d7665636736436a7a6b7a7a56484a7a56684c5a6e5464754142395457716e637963497263763841396f573567574b573353514a6e6153534350794e51467243512f366c312b6b6d503569716a52625479362f6e5146587649763631584d4a5534725a737543437850503739662b416876363056436a6f6e535a522b422f776f71303053314c752f362b526b555575786852744e656263394953696c32476a59614c674e4e464f387330766c47674c6f5a52556e6b745235445578637949714f74532b5139486b7451506d5246526d6e6d467154796d70447568744761643562556e6c7436557775684d30344e696a796d394b504b66306f466f534b345057676748705442452f70557364764d2f33564e5769485a6133497963647166477a4d634b4d6d7248396e7a42647a6f5658317831714e315a5274474558767a7961717a5250504757772f6371656a4e2b67706864324f57596d6d71464856732f515649436d50756b2f55304532734d33596f44456e41424e444e6a6f716a384b615863397a69693553524b4566754d663778785255497a363056664d4b7a49524c6e7253344236476f614d6b5679485279396951713436476d45754f394b4a434b6b55372b314162626b573976576e4232395455777431504a62464f456533376946715a4c6e456a525a58365a713362655645774d375a4870566476502f414c7055557a7932504c4d50784e4d6953356c5a73324a6451303379384c466b316c795853466a746a774b6a38744231656b7a4350553032794955595132757833326e305155656535364b4b5a35716a377143677a7432414649323566496b456b702f68464c756c376b436f504d63397a536857616b484b5462794f7269675365684a715061713954515a414f6c4f347557354f4a534b634c325250757469715a596d6a6d71556d4c3261653561652b6d6b345a73696d435450576f616344697135726a3545746b544263394b6b5666576f46664654492b614c6d636b7951714d635643777856674449706a7054495449514b4b6b43346f706c584d38565a68732f4e475334465671554d77364569734659364a4a74614d74766278512f65634d616a4d71447055424a505535704b54456f6432532b634d384c5573642f4a4877414d56566f7070744463497664467837777a44423471457275354271476c444564445265346c424c5963554970703470346c50657245517433487a7469686167354f4f364b674250536e7247653954792b51672b5273315761516d683641704f57784a38693030796b394b6a354e41704663713669354a36305555744d41464c52525445464b4b5549545431694a7069625347437045445a715259774f74504255644b7047626e324a49516539546b4c6971776b78536d516b56614f647862596b684136555645357a5256574e5574436c525252584b64515555555541464646464142525252514155555555414646464641776f6f6f6f414f61634154525251533250574d314971415555557a4a746a786755686b41365555553769537549484a7063346f6f717268594e315042346f6f716b784e44576f6f6f71726a522f2f396b3d);

-- --------------------------------------------------------

--
-- Tábla szerkezet ehhez a táblához `users`
--

CREATE TABLE `users` (
  `userId` tinyint(2) NOT NULL,
  `password` varchar(100) COLLATE utf8_hungarian_ci NOT NULL,
  `username` varchar(100) COLLATE utf8_hungarian_ci NOT NULL,
  `profilePicId` tinyint(2) NOT NULL DEFAULT 1,
  `userGenderId` tinyint(1) NOT NULL,
  `birth` date DEFAULT NULL,
  `weight` smallint(3) DEFAULT NULL,
  `height` smallint(3) DEFAULT NULL,
  `email` varchar(50) COLLATE utf8_hungarian_ci NOT NULL
) ENGINE=InnoDB DEFAULT CHARSET=utf8 COLLATE=utf8_hungarian_ci;

--
-- A tábla adatainak kiíratása `users`
--

INSERT INTO `users` (`userId`, `password`, `username`, `profilePicId`, `userGenderId`, `birth`, `weight`, `height`, `email`) VALUES
(1, '$2y$10$ZQmTGOCAPl5s0jhVhIFmFuRgu2QweEKxAqfJnvUip0pANuOkirriO', 'Mária', 1, 2, '2005-05-05', 62, 198, 'Newuser1@gmail.com'),
(2, '$2y$10$2E9tdW9tEp3wRW2RJUtYnO68wb07dCnyx3HsmumxZ01QEv2pmUNP.', 'János', 2, 1, '1993-01-01', 75, 191, 'Newuser2@gmail.com'),
(3, '$2y$10$.Nfgwwb4DD2rT0vJQGMbJuCKvh2kMiPjoo1qhdkplKPO/7SOUh6qK', 'Róbert', 1, 3, '2004-06-10', 91, 182, 'Newuser3@gmail.com'),
(4, '$2y$10$0yeczY3u702NplUUUCSX3e9FDcjdZAamScoQwPcfQ6iepSWS0ZgrG', 'Liliána', 1, 2, '2005-12-12', 78, 200, 'Newuser4@gmail.com'),
(5, '$2y$10$ve/S41TiAF1ykokA1iHbLONLCNW90GsTyKAlNoJDXE7EVAzK8Q7rW', 'Magdolna', 3, 2, '2002-09-09', 72, 187, 'Newuser6@gmail.com');

-- --------------------------------------------------------

--
-- Tábla szerkezet ehhez a táblához `workout`
--

CREATE TABLE `workout` (
  `workoutId` tinyint(1) NOT NULL,
  `userId` tinyint(2) NOT NULL,
  `dateOfExercise` date DEFAULT NULL,
  `exerciseList` varchar(50) COLLATE utf8_hungarian_ci NOT NULL,
  `exerciseTimeList` varchar(50) COLLATE utf8_hungarian_ci NOT NULL
) ENGINE=InnoDB DEFAULT CHARSET=utf8 COLLATE=utf8_hungarian_ci;

--
-- A tábla adatainak kiíratása `workout`
--

INSERT INTO `workout` (`workoutId`, `userId`, `dateOfExercise`, `exerciseList`, `exerciseTimeList`) VALUES
(1, 1, '2023-04-16', '1,2,3,1,2,3,', '60,30,60,60,30,60,'),
(2, 1, '2023-04-17', '2,2,4,4,2,4,', '30,30,60,60,30,60,'),
(3, 1, '2023-04-19', '1,2,3,1,2,3,', '60,30,60,60,30,60,'),
(4, 2, '2023-04-18', '1,1,3,1,1,3,', '20,20,60,20,20,60,'),
(5, 2, '2023-04-20', '5,1,5,2,5,3,', '30,50,30,50,30,50,'),
(6, 3, '2023-04-19', '8,8,4,4,8,8,', '60,20,60,60,20,60,'),
(7, 1, '2023-04-23', '7,7,7,7,7,', '40,10,30,20,15,');

--
-- Indexek a kiírt táblákhoz
--

--
-- A tábla indexei `admins`
--
ALTER TABLE `admins`
  ADD PRIMARY KEY (`adminId`);

--
-- A tábla indexei `equipment`
--
ALTER TABLE `equipment`
  ADD PRIMARY KEY (`equipmentId`);

--
-- A tábla indexei `exercise`
--
ALTER TABLE `exercise`
  ADD PRIMARY KEY (`exerciseId`),
  ADD KEY `equipmentId` (`equipmentId`);

--
-- A tábla indexei `genders`
--
ALTER TABLE `genders`
  ADD PRIMARY KEY (`genderId`);

--
-- A tábla indexei `grouppic`
--
ALTER TABLE `grouppic`
  ADD PRIMARY KEY (`picId`);

--
-- A tábla indexei `groups`
--
ALTER TABLE `groups`
  ADD PRIMARY KEY (`groupId`),
  ADD KEY `groupPicId` (`groupPicId`);

--
-- A tábla indexei `grouptags`
--
ALTER TABLE `grouptags`
  ADD KEY `userId` (`userId`),
  ADD KEY `groupId` (`groupId`);

--
-- A tábla indexei `muscles`
--
ALTER TABLE `muscles`
  ADD PRIMARY KEY (`musclesId`);

--
-- A tábla indexei `quest`
--
ALTER TABLE `quest`
  ADD PRIMARY KEY (`questId`),
  ADD KEY `questSender` (`questSender`),
  ADD KEY `questReciever` (`questReciever`),
  ADD KEY `questExercise` (`questExercise`);

--
-- A tábla indexei `questresponse`
--
ALTER TABLE `questresponse`
  ADD KEY `questId` (`questId`);

--
-- A tábla indexei `review`
--
ALTER TABLE `review`
  ADD PRIMARY KEY (`reviewId`),
  ADD KEY `userId` (`userId`);

--
-- A tábla indexei `userprofilepic`
--
ALTER TABLE `userprofilepic`
  ADD PRIMARY KEY (`picId`);

--
-- A tábla indexei `users`
--
ALTER TABLE `users`
  ADD PRIMARY KEY (`userId`),
  ADD KEY `profilePicId` (`profilePicId`),
  ADD KEY `userGenderId` (`userGenderId`);

--
-- A tábla indexei `workout`
--
ALTER TABLE `workout`
  ADD PRIMARY KEY (`workoutId`),
  ADD KEY `userId` (`userId`);

--
-- A kiírt táblák AUTO_INCREMENT értéke
--

--
-- AUTO_INCREMENT a táblához `admins`
--
ALTER TABLE `admins`
  MODIFY `adminId` tinyint(2) NOT NULL AUTO_INCREMENT, AUTO_INCREMENT=3;

--
-- AUTO_INCREMENT a táblához `equipment`
--
ALTER TABLE `equipment`
  MODIFY `equipmentId` tinyint(1) NOT NULL AUTO_INCREMENT, AUTO_INCREMENT=7;

--
-- AUTO_INCREMENT a táblához `exercise`
--
ALTER TABLE `exercise`
  MODIFY `exerciseId` tinyint(1) NOT NULL AUTO_INCREMENT, AUTO_INCREMENT=11;

--
-- AUTO_INCREMENT a táblához `genders`
--
ALTER TABLE `genders`
  MODIFY `genderId` tinyint(1) NOT NULL AUTO_INCREMENT, AUTO_INCREMENT=4;

--
-- AUTO_INCREMENT a táblához `grouppic`
--
ALTER TABLE `grouppic`
  MODIFY `picId` tinyint(2) NOT NULL AUTO_INCREMENT, AUTO_INCREMENT=4;

--
-- AUTO_INCREMENT a táblához `groups`
--
ALTER TABLE `groups`
  MODIFY `groupId` tinyint(2) NOT NULL AUTO_INCREMENT, AUTO_INCREMENT=3;

--
-- AUTO_INCREMENT a táblához `muscles`
--
ALTER TABLE `muscles`
  MODIFY `musclesId` tinyint(1) NOT NULL AUTO_INCREMENT, AUTO_INCREMENT=10;

--
-- AUTO_INCREMENT a táblához `quest`
--
ALTER TABLE `quest`
  MODIFY `questId` tinyint(2) NOT NULL AUTO_INCREMENT;

--
-- AUTO_INCREMENT a táblához `review`
--
ALTER TABLE `review`
  MODIFY `reviewId` tinyint(2) NOT NULL AUTO_INCREMENT, AUTO_INCREMENT=4;

--
-- AUTO_INCREMENT a táblához `userprofilepic`
--
ALTER TABLE `userprofilepic`
  MODIFY `picId` tinyint(2) NOT NULL AUTO_INCREMENT, AUTO_INCREMENT=4;

--
-- AUTO_INCREMENT a táblához `users`
--
ALTER TABLE `users`
  MODIFY `userId` tinyint(2) NOT NULL AUTO_INCREMENT, AUTO_INCREMENT=12;

--
-- AUTO_INCREMENT a táblához `workout`
--
ALTER TABLE `workout`
  MODIFY `workoutId` tinyint(1) NOT NULL AUTO_INCREMENT, AUTO_INCREMENT=8;

--
-- Megkötések a kiírt táblákhoz
--

--
-- Megkötések a táblához `exercise`
--
ALTER TABLE `exercise`
  ADD CONSTRAINT `exercise_ibfk_1` FOREIGN KEY (`equipmentId`) REFERENCES `equipment` (`equipmentId`);

--
-- Megkötések a táblához `groups`
--
ALTER TABLE `groups`
  ADD CONSTRAINT `groups_ibfk_1` FOREIGN KEY (`groupPicId`) REFERENCES `grouppic` (`picId`);

--
-- Megkötések a táblához `grouptags`
--
ALTER TABLE `grouptags`
  ADD CONSTRAINT `grouptags_ibfk_1` FOREIGN KEY (`userId`) REFERENCES `users` (`userId`),
  ADD CONSTRAINT `grouptags_ibfk_2` FOREIGN KEY (`groupId`) REFERENCES `groups` (`groupId`);

--
-- Megkötések a táblához `quest`
--
ALTER TABLE `quest`
  ADD CONSTRAINT `quest_ibfk_1` FOREIGN KEY (`questSender`) REFERENCES `users` (`userId`),
  ADD CONSTRAINT `quest_ibfk_2` FOREIGN KEY (`questReciever`) REFERENCES `users` (`userId`),
  ADD CONSTRAINT `quest_ibfk_3` FOREIGN KEY (`questExercise`) REFERENCES `exercise` (`exerciseId`);

--
-- Megkötések a táblához `questresponse`
--
ALTER TABLE `questresponse`
  ADD CONSTRAINT `questresponse_ibfk_1` FOREIGN KEY (`questId`) REFERENCES `quest` (`questId`);

--
-- Megkötések a táblához `review`
--
ALTER TABLE `review`
  ADD CONSTRAINT `review_ibfk_1` FOREIGN KEY (`userId`) REFERENCES `users` (`userId`);

--
-- Megkötések a táblához `users`
--
ALTER TABLE `users`
  ADD CONSTRAINT `users_ibfk_1` FOREIGN KEY (`profilePicId`) REFERENCES `userprofilepic` (`picId`),
  ADD CONSTRAINT `users_ibfk_2` FOREIGN KEY (`userGenderId`) REFERENCES `genders` (`genderId`);

--
-- Megkötések a táblához `workout`
--
ALTER TABLE `workout`
  ADD CONSTRAINT `workout_ibfk_1` FOREIGN KEY (`userId`) REFERENCES `users` (`userId`);
COMMIT;

/*!40101 SET CHARACTER_SET_CLIENT=@OLD_CHARACTER_SET_CLIENT */;
/*!40101 SET CHARACTER_SET_RESULTS=@OLD_CHARACTER_SET_RESULTS */;
/*!40101 SET COLLATION_CONNECTION=@OLD_COLLATION_CONNECTION */;
